muni,county,year,totpass,evs,pctev
Aberdeen township, Monmouth ,2015,12240.00,7,0.0006
Aberdeen township, Monmouth ,2020,14375.00,64,0.0045
Absecon city, Atlantic ,2015,5679.00,2,0.0003
Absecon city, Atlantic ,2020,5392.00,20,0.0037
Alexandria township, Hunterdon ,2015,3646.00,4,0.001
Alexandria township, Hunterdon ,2020,4097.00,19,0.0046
Allamuchy township, Warren ,2015,3549.00,2,0.0005
Allamuchy township, Warren ,2020,3912.00,17,0.0043
Allendale borough, Bergen ,2015,4418.00,3,0.0007
Allendale borough, Bergen ,2020,4321.00,60,0.0139
Allenhurst borough, Monmouth ,2015,343.00,0,0.0012
Allenhurst borough, Monmouth ,2020,327.00,13,0.0398
Allentown borough, Monmouth ,2015,1344.00,2,0.0011
Allentown borough, Monmouth ,2020,1361.00,18,0.0132
Alloway township, Salem ,2015,2475.00,1,0.0002
Alloway township, Salem ,2020,2766.00,7,0.0025
Alpha borough, Warren ,2015,1552.00,1,0.0003
Alpha borough, Warren ,2020,1741.00,4,0.0023
Alpine borough, Bergen ,2015,1185.00,11,0.009
Alpine borough, Bergen ,2020,1095.00,56,0.0511
Andover borough, Sussex ,2015,525.00,2,0.004
Andover borough, Sussex ,2020,551.00,14,0.0254
Andover township, Sussex ,2015,3946.00,2,0.0005
Andover township, Sussex ,2020,4252.00,14,0.0033
Asbury Park city, Monmouth ,2015,6681.00,8,0.0013
Asbury Park city, Monmouth ,2020,8588.00,73,0.0085
Atlantic City city, Atlantic ,2015,11389.00,3,0.0003
Atlantic City city, Atlantic ,2020,13353.00,32,0.0024
Atlantic Highlands borough, Monmouth ,2015,3221.00,1,0.0003
Atlantic Highlands borough, Monmouth ,2020,3110.00,21,0.0068
Audubon borough, Camden ,2015,6212.00,1,0.0001
Audubon borough, Camden ,2020,5875.00,21,0.0036
Audubon Park borough, Camden ,2015,743.00,0,0.0001
Audubon Park borough, Camden ,2020,792.00,3,0.0038
Avalon borough, Cape May ,2015,1232.00,1,0.0008
Avalon borough, Cape May ,2020,1311.00,54,0.0412
Avon-by-the-Sea borough, Monmouth ,2015,1423.00,1,0.0007
Avon-by-the-Sea borough, Monmouth ,2020,1365.00,12,0.0088
Barnegat Light borough, Ocean ,2015,511.00,0,0
Barnegat Light borough, Ocean ,2020,415.00,7,0.0169
Barnegat township, Ocean ,2015,14320.00,5,0.0003
Barnegat township, Ocean ,2020,16490.00,46,0.0028
Barrington borough, Camden ,2015,4520.00,5,0.0011
Barrington borough, Camden ,2020,4958.00,26,0.0052
Bass River township, Burlington ,2015,1080.00,0,0.0004
Bass River township, Burlington ,2020,1051.00,4,0.0038
Bay Head borough, Ocean ,2015,756.00,1,0.0015
Bay Head borough, Ocean ,2020,811.00,9,0.0111
Bayonne city, Hudson ,2015,30262.00,10,0.0003
Bayonne city, Hudson ,2020,30135.00,89,0.003
Beach Haven borough, Ocean ,2015,802.00,1,0.001
Beach Haven borough, Ocean ,2020,797.00,7,0.0088
Beachwood borough, Ocean ,2015,7365.00,4,0.0005
Beachwood borough, Ocean ,2020,8002.00,28,0.0035
Bedminster township, Somerset ,2015,6854.00,7,0.001
Bedminster township, Somerset ,2020,6866.00,65,0.0095
Belleville township, Essex ,2015,18990.00,4,0.0002
Belleville township, Essex ,2020,21413.00,52,0.0024
Bellmawr borough, Camden ,2015,7034.00,1,0.0001
Bellmawr borough, Camden ,2020,6953.00,22,0.0032
Belmar borough, Monmouth ,2015,4112.00,4,0.001
Belmar borough, Monmouth ,2020,3869.00,41,0.0106
Belvidere town, Warren ,2015,1721.00,0,0.0002
Belvidere town, Warren ,2020,1661.00,4,0.0024
Bergenfield borough, Bergen ,2015,15182.00,13,0.0008
Bergenfield borough, Bergen ,2020,15318.00,71,0.0046
Berkeley Heights township, Union ,2015,8724.00,10,0.0012
Berkeley Heights township, Union ,2020,9120.00,134,0.0147
Berkeley township, Ocean ,2015,29667.00,11,0.0004
Berkeley township, Ocean ,2020,31161.00,98,0.0031
Berlin borough, Camden ,2015,4560.00,3,0.0006
Berlin borough, Camden ,2020,4957.00,20,0.004
Berlin township, Camden ,2015,3128.00,0,0
Berlin township, Camden ,2020,3773.00,12,0.0032
Bernards township, Somerset ,2015,17670.00,29,0.0016
Bernards township, Somerset ,2020,18377.00,294,0.016
Bernardsville borough, Somerset ,2015,5405.00,5,0.001
Bernardsville borough, Somerset ,2020,5260.00,84,0.016
Bethlehem township, Hunterdon ,2015,3091.00,3,0.0009
Bethlehem township, Hunterdon ,2020,3349.00,17,0.0051
Beverly city, Burlington ,2015,1480.00,1,0.0006
Beverly city, Burlington ,2020,1449.00,3,0.0021
Blairstown township, Warren ,2015,4311.00,2,0.0004
Blairstown township, Warren ,2020,4599.00,19,0.0041
Bloomfield township, Essex ,2015,26640.00,24,0.0009
Bloomfield township, Essex ,2020,28742.00,156,0.0054
Bloomingdale borough, Passaic ,2015,5322.00,5,0.0009
Bloomingdale borough, Passaic ,2020,5248.00,20,0.0038
Bloomsbury borough, Hunterdon ,2015,583.00,1,0.001
Bloomsbury borough, Hunterdon ,2020,709.00,4,0.0056
Bogota borough, Bergen ,2015,4848.00,1,0.0002
Bogota borough, Bergen ,2020,4792.00,27,0.0056
Boonton town, Morris ,2015,5544.00,4,0.0008
Boonton town, Morris ,2020,5615.00,52,0.0093
Boonton township, Morris ,2015,3212.00,2,0.0006
Boonton township, Morris ,2020,3046.00,23,0.0076
Bordentown city, Burlington ,2015,2583.00,4,0.0016
Bordentown city, Burlington ,2020,2779.00,19,0.0068
Bordentown township, Burlington ,2015,7897.00,8,0.001
Bordentown township, Burlington ,2020,8691.00,36,0.0041
Bound Brook borough, Somerset ,2015,5681.00,0,0
Bound Brook borough, Somerset ,2020,5656.00,24,0.0042
Bradley Beach borough, Monmouth ,2015,2960.00,2,0.0007
Bradley Beach borough, Monmouth ,2020,2751.00,23,0.0084
Branchburg township, Somerset ,2015,10341.00,10,0.0009
Branchburg township, Somerset ,2020,11119.00,63,0.0057
Branchville borough, Sussex ,2015,526.00,0,0.0008
Branchville borough, Sussex ,2020,766.00,2,0.0026
Brick township, Ocean ,2015,53207.00,38,0.0007
Brick township, Ocean ,2020,55314.00,181,0.0033
Bridgeton city, Cumberland ,2015,8152.00,4,0.0005
Bridgeton city, Cumberland ,2020,7756.00,21,0.0027
Bridgewater township, Somerset ,2015,29384.00,19,0.0007
Bridgewater township, Somerset ,2020,30647.00,340,0.0111
Brielle borough, Monmouth ,2015,3621.00,1,0.0003
Brielle borough, Monmouth ,2020,3293.00,30,0.0091
Brigantine city, Atlantic ,2015,6844.00,4,0.0006
Brigantine city, Atlantic ,2020,6590.00,34,0.0052
Brooklawn borough, Camden ,2015,1131.00,0,0.0004
Brooklawn borough, Camden ,2020,1226.00,3,0.0024
Buena borough, Atlantic ,2015,2946.00,0,0.0001
Buena borough, Atlantic ,2020,2957.00,5,0.0017
Buena Vista township, Atlantic ,2015,5217.00,2,0.0004
Buena Vista township, Atlantic ,2020,5471.00,19,0.0035
Burlington city, Burlington ,2015,6132.00,6,0.001
Burlington city, Burlington ,2020,6107.00,35,0.0057
Burlington township, Burlington ,2015,14191.00,10,0.0007
Burlington township, Burlington ,2020,15220.00,58,0.0038
Butler borough, Morris ,2015,4750.00,3,0.0006
Butler borough, Morris ,2020,5730.00,48,0.0084
Byram township, Sussex ,2015,6017.00,4,0.0007
Byram township, Sussex ,2020,6326.00,26,0.0041
Caldwell borough, Essex ,2015,5218.00,3,0.0007
Caldwell borough, Essex ,2020,5256.00,53,0.0101
Califon borough, Hunterdon ,2015,834.00,1,0.0016
Califon borough, Hunterdon ,2020,923.00,9,0.0098
Camden city, Camden ,2015,22752.00,1,0.0001
Camden city, Camden ,2020,25563.00,14,0.0005
Cape May city, Cape May ,2015,1855.00,2,0.001
Cape May city, Cape May ,2020,1971.00,32,0.0162
Cape May Point borough, Cape May ,2015,185.00,0,0
Cape May Point borough, Cape May ,2020,135.00,7,0.0519
Carlstadt borough, Bergen ,2015,3752.00,1,0.0002
Carlstadt borough, Bergen ,2020,4047.00,17,0.0042
Carneys Point township, Salem ,2015,4652.00,1,0.0001
Carneys Point township, Salem ,2020,4844.00,10,0.0021
Carteret borough, Middlesex ,2015,13234.00,3,0.0002
Carteret borough, Middlesex ,2020,13471.00,29,0.0022
Cedar Grove township, Essex ,2015,7838.00,8,0.001
Cedar Grove township, Essex ,2020,8062.00,70,0.0087
Chatham borough, Morris ,2015,5456.00,8,0.0015
Chatham borough, Morris ,2020,5439.00,89,0.0164
Chatham township, Morris ,2015,7021.00,10,0.0014
Chatham township, Morris ,2020,6737.00,104,0.0154
Cherry Hill township, Camden ,2015,46741.00,59,0.0013
Cherry Hill township, Camden ,2020,49528.00,531,0.0107
Chesilhurst borough, Camden ,2015,976.00,0,0
Chesilhurst borough, Camden ,2020,874.00,3,0.0034
Chester borough, Morris ,2015,981.00,3,0.0034
Chester borough, Morris ,2020,1040.00,27,0.026
Chester township, Morris ,2015,5657.00,8,0.0013
Chester township, Morris ,2020,5986.00,62,0.0104
Chesterfield township, Burlington ,2015,4181.00,4,0.001
Chesterfield township, Burlington ,2020,3766.00,53,0.0141
Cinnaminson township, Burlington ,2015,11661.00,11,0.001
Cinnaminson township, Burlington ,2020,11917.00,77,0.0065
City of Orange township, Essex ,2015,10257.00,2,0.0002
City of Orange township, Essex ,2020,11311.00,23,0.002
Clark township, Union ,2015,10246.00,5,0.0005
Clark township, Union ,2020,11316.00,56,0.0049
Clayton borough, Gloucester ,2015,5293.00,2,0.0003
Clayton borough, Gloucester ,2020,5853.00,18,0.0031
Clementon borough, Camden ,2015,3074.00,1,0.0005
Clementon borough, Camden ,2020,3041.00,9,0.003
Cliffside Park borough, Bergen ,2015,13423.00,5,0.0004
Cliffside Park borough, Bergen ,2020,14008.00,57,0.0041
Clifton city, Passaic ,2015,45145.00,18,0.0004
Clifton city, Passaic ,2020,49029.00,197,0.004
Clinton town, Hunterdon ,2015,1671.00,2,0.0011
Clinton town, Hunterdon ,2020,1993.00,26,0.013
Clinton township, Hunterdon ,2015,8447.00,5,0.0006
Clinton township, Hunterdon ,2020,8970.00,76,0.0085
Closter borough, Bergen ,2015,5277.00,7,0.0013
Closter borough, Bergen ,2020,5274.00,105,0.0199
Collingswood borough, Camden ,2015,8635.00,10,0.0012
Collingswood borough, Camden ,2020,9239.00,67,0.0073
Colts Neck township, Monmouth ,2015,7156.00,16,0.0022
Colts Neck township, Monmouth ,2020,7212.00,111,0.0154
Commercial township, Cumberland ,2015,3067.00,3,0.0009
Commercial township, Cumberland ,2020,2953.00,7,0.0024
Corbin City city, Atlantic ,2015,350.00,0,0.0006
Corbin City city, Atlantic ,2020,543.00,1,0.0018
Cranbury township, Middlesex ,2015,2693.00,3,0.0012
Cranbury township, Middlesex ,2020,2797.00,43,0.0154
Cranford township, Union ,2015,15906.00,14,0.0009
Cranford township, Union ,2020,16659.00,119,0.0071
Cresskill borough, Bergen ,2015,5602.00,6,0.0011
Cresskill borough, Bergen ,2020,5531.00,95,0.0172
Deal borough, Monmouth ,2015,542.00,0,0
Deal borough, Monmouth ,2020,363.00,37,0.1019
Deerfield township, Cumberland ,2015,2052.00,1,0.0003
Deerfield township, Cumberland ,2020,1983.00,6,0.003
Delanco township, Burlington ,2015,3170.00,2,0.0006
Delanco township, Burlington ,2020,3377.00,11,0.0033
Delaware township, Hunterdon ,2015,3847.00,4,0.0011
Delaware township, Hunterdon ,2020,3752.00,29,0.0077
Delran township, Burlington ,2015,10852.00,6,0.0006
Delran township, Burlington ,2020,11504.00,37,0.0032
Demarest borough, Bergen ,2015,3352.00,7,0.0021
Demarest borough, Bergen ,2020,3314.00,98,0.0296
Dennis township, Cape May ,2015,4924.00,4,0.0008
Dennis township, Cape May ,2020,4928.00,20,0.0041
Denville township, Morris ,2015,12274.00,12,0.001
Denville township, Morris ,2020,12134.00,128,0.0105
Deptford township, Gloucester ,2015,19764.00,13,0.0006
Deptford township, Gloucester ,2020,20479.00,77,0.0038
Dover town, Morris ,2015,8237.00,1,0.0002
Dover town, Morris ,2020,9152.00,19,0.0021
Downe township, Cumberland ,2015,1041.00,1,0.0005
Downe township, Cumberland ,2020,858.00,2,0.0023
Dumont borough, Bergen ,2015,11333.00,5,0.0004
Dumont borough, Bergen ,2020,11788.00,48,0.0041
Dunellen borough, Middlesex ,2015,4345.00,1,0.0003
Dunellen borough, Middlesex ,2020,4071.00,45,0.0111
Eagleswood township, Ocean ,2015,1187.00,0,0
Eagleswood township, Ocean ,2020,1148.00,6,0.0052
East Amwell township, Hunterdon ,2015,3185.00,4,0.0013
East Amwell township, Hunterdon ,2020,3273.00,36,0.011
East Brunswick township, Middlesex ,2015,31289.00,27,0.0009
East Brunswick township, Middlesex ,2020,32528.00,373,0.0115
East Greenwich township, Gloucester ,2015,6788.00,3,0.0004
East Greenwich township, Gloucester ,2020,7796.00,61,0.0078
East Hanover township, Morris ,2015,7866.00,2,0.0003
East Hanover township, Morris ,2020,8079.00,59,0.0073
East Newark borough, Hudson ,2015,805.00,0,0.0004
East Newark borough, Hudson ,2020,819.00,4,0.0049
East Orange city, Essex ,2015,24470.00,7,0.0003
East Orange city, Essex ,2020,23862.00,24,0.001
East Rutherford borough, Bergen ,2015,5282.00,4,0.0008
East Rutherford borough, Bergen ,2020,6252.00,29,0.0046
East Windsor township, Mercer ,2015,16438.00,16,0.001
East Windsor township, Mercer ,2020,16571.00,165,0.01
Eastampton township, Burlington ,2015,4070.00,3,0.0006
Eastampton township, Burlington ,2020,4486.00,15,0.0033
Eatontown borough, Monmouth ,2015,8738.00,6,0.0007
Eatontown borough, Monmouth ,2020,8370.00,67,0.008
Edgewater borough, Bergen ,2015,7021.00,9,0.0013
Edgewater borough, Bergen ,2020,8018.00,108,0.0135
Edgewater Park township, Burlington ,2015,5794.00,3,0.0005
Edgewater Park township, Burlington ,2020,5568.00,10,0.0018
Edison township, Middlesex ,2015,60480.00,47,0.0008
Edison township, Middlesex ,2020,59239.00,690,0.0116
Egg Harbor City city, Atlantic ,2015,2365.00,2,0.0009
Egg Harbor City city, Atlantic ,2020,2041.00,12,0.0059
Egg Harbor township, Atlantic ,2015,27423.00,20,0.0007
Egg Harbor township, Atlantic ,2020,28220.00,142,0.005
Elizabeth city, Union ,2015,45271.00,3,0.0001
Elizabeth city, Union ,2020,51731.00,85,0.0016
Elk township, Gloucester ,2015,2824.00,3,0.0012
Elk township, Gloucester ,2020,2789.00,19,0.0068
Elmer borough, Salem ,2015,960.00,1,0.0011
Elmer borough, Salem ,2020,932.00,8,0.0086
Elmwood Park borough, Bergen ,2015,11958.00,4,0.0003
Elmwood Park borough, Bergen ,2020,11719.00,34,0.0029
Elsinboro township, Salem ,2015,836.00,0,0.0002
Elsinboro township, Salem ,2020,711.00,2,0.0028
Emerson borough, Bergen ,2015,4756.00,1,0.0002
Emerson borough, Bergen ,2020,5155.00,29,0.0056
Englewood city, Bergen ,2015,15117.00,20,0.0013
Englewood city, Bergen ,2020,16850.00,141,0.0084
Englewood Cliffs borough, Bergen ,2015,3556.00,9,0.0025
Englewood Cliffs borough, Bergen ,2020,3861.00,98,0.0254
Englishtown borough, Monmouth ,2015,1271.00,1,0.0011
Englishtown borough, Monmouth ,2020,1223.00,15,0.0123
Essex Fells borough, Essex ,2015,1633.00,2,0.0012
Essex Fells borough, Essex ,2020,1496.00,37,0.0247
Estell Manor city, Atlantic ,2015,1249.00,0,0.0001
Estell Manor city, Atlantic ,2020,1254.00,3,0.0024
Evesham township, Burlington ,2015,31935.00,24,0.0008
Evesham township, Burlington ,2020,33027.00,204,0.0062
Ewing township, Mercer ,2015,21607.00,12,0.0006
Ewing township, Mercer ,2020,22138.00,72,0.0033
Fair Haven borough, Monmouth ,2015,4176.00,5,0.0012
Fair Haven borough, Monmouth ,2020,3680.00,49,0.0133
Fair Lawn borough, Bergen ,2015,20699.00,10,0.0005
Fair Lawn borough, Bergen ,2020,21243.00,139,0.0065
Fairfield township (Cumberland), Cumberland ,2015,3082.00,1,0.0004
Fairfield township (Cumberland), Cumberland ,2020,3215.00,6,0.0019
Fairfield township (Essex), Essex ,2015,4874.00,4,0.0008
Fairfield township (Essex), Essex ,2020,5511.00,46,0.0083
Fairview borough, Bergen ,2015,6832.00,2,0.0003
Fairview borough, Bergen ,2020,6520.00,19,0.0029
Fanwood borough, Union ,2015,4701.00,6,0.0013
Fanwood borough, Union ,2020,5232.00,38,0.0073
Far Hills borough, Somerset ,2015,800.00,4,0.0053
Far Hills borough, Somerset ,2020,727.00,36,0.0495
Farmingdale borough, Monmouth ,2015,1009.00,3,0.0034
Farmingdale borough, Monmouth ,2020,900.00,15,0.0167
Fieldsboro borough, Burlington ,2015,432.00,0,0.0009
Fieldsboro borough, Burlington ,2020,562.00,2,0.0036
Flemington borough, Hunterdon ,2015,2383.00,4,0.0018
Flemington borough, Hunterdon ,2020,2617.00,40,0.0153
Florence township, Burlington ,2015,8951.00,5,0.0006
Florence township, Burlington ,2020,9006.00,40,0.0044
Florham Park borough, Morris ,2015,7100.00,8,0.0011
Florham Park borough, Morris ,2020,7275.00,79,0.0109
Folsom borough, Atlantic ,2015,1283.00,1,0.0005
Folsom borough, Atlantic ,2020,1150.00,5,0.0043
Fort Lee borough, Bergen ,2015,21598.00,20,0.0009
Fort Lee borough, Bergen ,2020,21713.00,231,0.0106
Frankford township, Sussex ,2015,4182.00,5,0.0011
Frankford township, Sussex ,2020,4193.00,19,0.0045
Franklin borough, Sussex ,2015,3435.00,3,0.001
Franklin borough, Sussex ,2020,3564.00,8,0.0022
Franklin Lakes borough, Bergen ,2015,8589.00,11,0.0013
Franklin Lakes borough, Bergen ,2020,8322.00,151,0.0181
Franklin township (Gloucester), Gloucester ,2015,11612.00,10,0.0009
Franklin township (Gloucester), Gloucester ,2020,12255.00,45,0.0037
Franklin township (Hunterdon), Hunterdon ,2015,2612.00,4,0.0015
Franklin township (Hunterdon), Hunterdon ,2020,2825.00,26,0.0092
Franklin township (Somerset), Somerset ,2015,40227.00,41,0.001
Franklin township (Somerset), Somerset ,2020,42932.00,383,0.0089
Franklin township (Warren), Warren ,2015,2424.00,2,0.0009
Franklin township (Warren), Warren ,2020,2471.00,12,0.0049
Fredon township, Sussex ,2015,2453.00,1,0.0004
Fredon township, Sussex ,2020,2516.00,8,0.0032
Freehold borough, Monmouth ,2015,5153.00,4,0.0007
Freehold borough, Monmouth ,2020,5562.00,38,0.0068
Freehold township, Monmouth ,2015,23432.00,12,0.0005
Freehold township, Monmouth ,2020,23664.00,128,0.0054
Frelinghuysen township, Warren ,2015,1836.00,1,0.0004
Frelinghuysen township, Warren ,2020,1552.00,7,0.0045
Frenchtown borough, Hunterdon ,2015,1101.00,1,0.0013
Frenchtown borough, Hunterdon ,2020,966.00,7,0.0072
Galloway township, Atlantic ,2015,21578.00,12,0.0006
Galloway township, Atlantic ,2020,23127.00,72,0.0031
Garfield city, Bergen ,2015,16654.00,5,0.0003
Garfield city, Bergen ,2020,18049.00,44,0.0024
Garwood borough, Union ,2015,2937.00,0,0
Garwood borough, Union ,2020,2860.00,12,0.0042
Gibbsboro borough, Camden ,2015,1535.00,1,0.0007
Gibbsboro borough, Camden ,2020,1557.00,8,0.0051
Glassboro borough, Gloucester ,2015,10829.00,4,0.0004
Glassboro borough, Gloucester ,2020,11346.00,33,0.0029
Glen Gardner borough, Hunterdon ,2015,1231.00,2,0.0015
Glen Gardner borough, Hunterdon ,2020,1230.00,10,0.0081
Glen Ridge borough, Essex ,2015,4361.00,3,0.0007
Glen Ridge borough, Essex ,2020,4295.00,83,0.0193
Glen Rock borough, Bergen ,2015,7742.00,8,0.001
Glen Rock borough, Bergen ,2020,6767.00,98,0.0145
Gloucester City city, Camden ,2015,5867.00,3,0.0004
Gloucester City city, Camden ,2020,6325.00,13,0.0021
Gloucester township, Camden ,2015,41195.00,23,0.0005
Gloucester township, Camden ,2020,40581.00,125,0.0031
Green Brook township, Somerset ,2015,4822.00,2,0.0004
Green Brook township, Somerset ,2020,4790.00,42,0.0088
Green township, Sussex ,2015,2492.00,2,0.0006
Green township, Sussex ,2020,2592.00,11,0.0042
Greenwich township (Cumberland), Cumberland ,2015,747.00,0,0
Greenwich township (Cumberland), Cumberland ,2020,413.00,1,0.0024
Greenwich township (Gloucester), Gloucester ,2015,3560.00,3,0.0008
Greenwich township (Gloucester), Gloucester ,2020,3494.00,6,0.0017
Greenwich township (Warren), Warren ,2015,3700.00,2,0.0006
Greenwich township (Warren), Warren ,2020,3867.00,18,0.0047
Guttenberg town, Hudson ,2015,3686.00,1,0.0002
Guttenberg town, Hudson ,2020,4619.00,18,0.0039
Hackensack city, Bergen ,2015,22056.00,14,0.0006
Hackensack city, Bergen ,2020,23567.00,90,0.0038
Hackettstown town, Warren ,2015,5707.00,3,0.0005
Hackettstown town, Warren ,2020,5730.00,33,0.0058
Haddon Heights borough, Camden ,2015,5052.00,4,0.0008
Haddon Heights borough, Camden ,2020,5504.00,28,0.0051
Haddon township, Camden ,2015,9557.00,11,0.0012
Haddon township, Camden ,2020,9835.00,80,0.0081
Haddonfield borough, Camden ,2015,7803.00,13,0.0017
Haddonfield borough, Camden ,2020,7545.00,103,0.0137
Hainesport township, Burlington ,2015,4666.00,3,0.0006
Hainesport township, Burlington ,2020,4882.00,34,0.007
Haledon borough, Passaic ,2015,4196.00,3,0.0006
Haledon borough, Passaic ,2020,4477.00,17,0.0038
Hamburg borough, Sussex ,2015,2359.00,2,0.0006
Hamburg borough, Sussex ,2020,2337.00,11,0.0047
Hamilton township (Atlantic), Atlantic ,2015,16283.00,9,0.0006
Hamilton township (Atlantic), Atlantic ,2020,16747.00,51,0.003
Hamilton township (Mercer), Mercer ,2015,58255.00,32,0.0005
Hamilton township (Mercer), Mercer ,2020,60294.00,256,0.0042
Hammonton town, Atlantic ,2015,9456.00,9,0.0009
Hammonton town, Atlantic ,2020,9278.00,43,0.0046
Hampton borough, Hunterdon ,2015,907.00,1,0.0008
Hampton borough, Hunterdon ,2020,973.00,6,0.0062
Hampton township, Sussex ,2015,3947.00,2,0.0004
Hampton township, Sussex ,2020,3680.00,13,0.0035
Hanover township, Morris ,2015,10005.00,13,0.0013
Hanover township, Morris ,2020,10681.00,83,0.0078
Harding township, Morris ,2015,3074.00,4,0.0013
Harding township, Morris ,2020,3210.00,45,0.014
Hardwick township, Warren ,2015,1099.00,1,0.0005
Hardwick township, Warren ,2020,1152.00,6,0.0052
Hardyston township, Sussex ,2015,6054.00,4,0.0007
Hardyston township, Sussex ,2020,6098.00,22,0.0036
Harmony township, Warren ,2015,2031.00,1,0.0003
Harmony township, Warren ,2020,2198.00,4,0.0018
Harrington Park borough, Bergen ,2015,3117.00,3,0.001
Harrington Park borough, Bergen ,2020,3575.00,38,0.0106
Harrison town, Hudson ,2015,5730.00,4,0.0006
Harrison town, Hudson ,2020,7223.00,36,0.005
Harrison township, Gloucester ,2015,8453.00,9,0.0011
Harrison township, Gloucester ,2020,8938.00,80,0.009
Harvey Cedars borough, Ocean ,2015,357.00,0,0.0008
Harvey Cedars borough, Ocean ,2020,388.00,3,0.0077
Hasbrouck Heights borough, Bergen ,2015,7454.00,5,0.0007
Hasbrouck Heights borough, Bergen ,2020,7190.00,56,0.0078
Haworth borough, Bergen ,2015,2358.00,2,0.0009
Haworth borough, Bergen ,2020,2289.00,30,0.0131
Hawthorne borough, Passaic ,2015,12032.00,6,0.0005
Hawthorne borough, Passaic ,2020,12681.00,52,0.0041
Hazlet township, Monmouth ,2015,13764.00,8,0.0006
Hazlet township, Monmouth ,2020,14045.00,53,0.0038
Helmetta borough, Middlesex ,2015,1546.00,1,0.0006
Helmetta borough, Middlesex ,2020,1713.00,10,0.0058
High Bridge borough, Hunterdon ,2015,2677.00,0,0
High Bridge borough, Hunterdon ,2020,2680.00,13,0.0049
Highland Park borough, Middlesex ,2015,7642.00,11,0.0014
Highland Park borough, Middlesex ,2020,8593.00,79,0.0092
Highlands borough, Monmouth ,2015,3595.00,1,0.0003
Highlands borough, Monmouth ,2020,3713.00,17,0.0046
Hightstown borough, Mercer ,2015,3442.00,4,0.0013
Hightstown borough, Mercer ,2020,3211.00,39,0.0121
Hillsborough township, Somerset ,2015,26430.00,30,0.0011
Hillsborough township, Somerset ,2020,27697.00,337,0.0122
Hillsdale borough, Bergen ,2015,6741.00,2,0.0003
Hillsdale borough, Bergen ,2020,7288.00,48,0.0066
Hillside township, Union ,2015,11814.00,5,0.0004
Hillside township, Union ,2020,12545.00,28,0.0022
Hi-Nella borough, Camden ,2015,498.00,1,0.0012
Hi-Nella borough, Camden ,2020,778.00,3,0.0039
Hoboken city, Hudson ,2015,19782.00,17,0.0009
Hoboken city, Hudson ,2020,20009.00,205,0.0102
Ho-Ho-Kus borough, Bergen ,2015,2735.00,7,0.0026
Ho-Ho-Kus borough, Bergen ,2020,2826.00,50,0.0177
Holland township, Hunterdon ,2015,4131.00,3,0.0008
Holland township, Hunterdon ,2020,4091.00,15,0.0037
Holmdel township, Monmouth ,2015,11350.00,25,0.0022
Holmdel township, Monmouth ,2020,12341.00,202,0.0164
Hopatcong borough, Sussex ,2015,10925.00,4,0.0004
Hopatcong borough, Sussex ,2020,11159.00,39,0.0035
Hope township, Warren ,2015,1471.00,1,0.0005
Hope township, Warren ,2020,1590.00,7,0.0044
Hopewell borough, Mercer ,2015,1424.00,6,0.0045
Hopewell borough, Mercer ,2020,1330.00,34,0.0256
Hopewell township (Cumberland), Cumberland ,2015,3103.00,1,0.0003
Hopewell township (Cumberland), Cumberland ,2020,2983.00,5,0.0017
Hopewell township (Mercer), Mercer ,2015,13216.00,26,0.002
Hopewell township (Mercer), Mercer ,2020,12631.00,205,0.0162
Howell township, Monmouth ,2015,34798.00,19,0.0005
Howell township, Monmouth ,2020,35755.00,177,0.005
Independence township, Warren ,2015,4154.00,2,0.0004
Independence township, Warren ,2020,4616.00,16,0.0035
Interlaken borough, Monmouth ,2015,667.00,0,0.0004
Interlaken borough, Monmouth ,2020,657.00,4,0.0061
Irvington township, Essex ,2015,20693.00,0,0
Irvington township, Essex ,2020,22268.00,21,0.0009
Island Heights borough, Ocean ,2015,1273.00,2,0.0016
Island Heights borough, Ocean ,2020,1289.00,9,0.007
Jackson township, Ocean ,2015,38627.00,21,0.0005
Jackson township, Ocean ,2020,40229.00,189,0.0047
Jamesburg borough, Middlesex ,2015,3463.00,4,0.0011
Jamesburg borough, Middlesex ,2020,3806.00,45,0.0118
Jefferson township, Morris ,2015,15646.00,10,0.0006
Jefferson township, Morris ,2020,15765.00,57,0.0036
Jersey City city, Hudson ,2015,81724.00,49,0.0006
Jersey City city, Hudson ,2020,88454.00,737,0.0083
Keansburg borough, Monmouth ,2015,5778.00,0,0
Keansburg borough, Monmouth ,2020,5860.00,10,0.0017
Kearny town, Hudson ,2015,20607.00,8,0.0004
Kearny town, Hudson ,2020,20519.00,51,0.0025
Kenilworth borough, Union ,2015,5293.00,1,0.0002
Kenilworth borough, Union ,2020,5182.00,18,0.0035
Keyport borough, Monmouth ,2015,4212.00,3,0.0008
Keyport borough, Monmouth ,2020,4682.00,22,0.0047
Kingwood township, Hunterdon ,2015,3006.00,3,0.0011
Kingwood township, Hunterdon ,2020,3142.00,20,0.0064
Kinnelon borough, Morris ,2015,7680.00,3,0.0004
Kinnelon borough, Morris ,2020,7682.00,48,0.0062
Knowlton township, Warren ,2015,2211.00,1,0.0003
Knowlton township, Warren ,2020,2377.00,9,0.0038
Lacey township, Ocean ,2015,20857.00,7,0.0003
Lacey township, Ocean ,2020,22629.00,65,0.0029
Lafayette township, Sussex ,2015,1731.00,1,0.0006
Lafayette township, Sussex ,2020,1631.00,6,0.0037
Lake Como borough, Monmouth ,2015,1054.00,1,0.0009
Lake Como borough, Monmouth ,2020,1336.00,10,0.0075
Lakehurst borough, Ocean ,2015,1524.00,2,0.0012
Lakehurst borough, Ocean ,2020,1819.00,6,0.0033
Lakewood township, Ocean ,2015,33720.00,6,0.0002
Lakewood township, Ocean ,2020,34782.00,421,0.0121
Lambertville city, Hunterdon ,2015,3160.00,5,0.0016
Lambertville city, Hunterdon ,2020,2880.00,36,0.0125
Laurel Springs borough, Camden ,2015,1267.00,0,0.0003
Laurel Springs borough, Camden ,2020,1275.00,3,0.0024
Lavallette borough, Ocean ,2015,1597.00,1,0.0008
Lavallette borough, Ocean ,2020,1785.00,6,0.0034
Lawnside borough, Camden ,2015,1547.00,0,0
Lawnside borough, Camden ,2020,1906.00,6,0.0031
Lawrence township (Cumberland), Cumberland ,2015,2034.00,0,0.0001
Lawrence township (Cumberland), Cumberland ,2020,2164.00,7,0.0032
Lawrence township (Mercer), Mercer ,2015,21570.00,43,0.002
Lawrence township (Mercer), Mercer ,2020,21566.00,237,0.011
Lebanon borough, Hunterdon ,2015,1347.00,2,0.0016
Lebanon borough, Hunterdon ,2020,1511.00,17,0.0113
Lebanon township, Hunterdon ,2015,5228.00,6,0.0012
Lebanon township, Hunterdon ,2020,5122.00,35,0.0068
Leonia borough, Bergen ,2015,5103.00,7,0.0014
Leonia borough, Bergen ,2020,5551.00,54,0.0097
Liberty township, Warren ,2015,2133.00,1,0.0006
Liberty township, Warren ,2020,2313.00,5,0.0022
Lincoln Park borough, Morris ,2015,7119.00,1,0.0001
Lincoln Park borough, Morris ,2020,7325.00,25,0.0034
Linden city, Union ,2015,22877.00,12,0.0005
Linden city, Union ,2020,24492.00,70,0.0029
Lindenwold borough, Camden ,2015,9546.00,4,0.0005
Lindenwold borough, Camden ,2020,9753.00,27,0.0028
Linwood city, Atlantic ,2015,4728.00,1,0.0002
Linwood city, Atlantic ,2020,4982.00,40,0.008
Little Egg Harbor township, Ocean ,2015,14316.00,7,0.0005
Little Egg Harbor township, Ocean ,2020,15732.00,43,0.0027
Little Falls township, Passaic ,2015,8799.00,4,0.0004
Little Falls township, Passaic ,2020,9770.00,40,0.0041
Little Ferry borough, Bergen ,2015,6242.00,4,0.0006
Little Ferry borough, Bergen ,2020,6873.00,21,0.0031
Little Silver borough, Monmouth ,2015,4255.00,2,0.0005
Little Silver borough, Monmouth ,2020,4348.00,38,0.0087
Livingston township, Essex ,2015,19288.00,32,0.0016
Livingston township, Essex ,2020,20000.00,382,0.0191
Loch Arbour village, Monmouth ,2015,132.00,0,0.0015
Loch Arbour village, Monmouth ,2020,148.00,6,0.0405
Lodi borough, Bergen ,2015,13518.00,6,0.0004
Lodi borough, Bergen ,2020,13523.00,41,0.003
Logan township, Gloucester ,2015,4126.00,2,0.0004
Logan township, Gloucester ,2020,4075.00,23,0.0056
Long Beach township, Ocean ,2015,2591.00,2,0.0009
Long Beach township, Ocean ,2020,2486.00,21,0.0084
Long Branch city, Monmouth ,2015,16830.00,11,0.0006
Long Branch city, Monmouth ,2020,18358.00,127,0.0069
Long Hill township, Morris ,2015,6215.00,8,0.0013
Long Hill township, Morris ,2020,6223.00,77,0.0124
Longport borough, Atlantic ,2015,735.00,1,0.0012
Longport borough, Atlantic ,2020,706.00,9,0.0127
Lopatcong township, Warren ,2015,5458.00,2,0.0004
Lopatcong township, Warren ,2020,6098.00,16,0.0026
Lower Alloways Creek township, Salem ,2015,1208.00,0,0.0002
Lower Alloways Creek township, Salem ,2020,1391.00,2,0.0014
Lower township, Cape May ,2015,15385.00,6,0.0004
Lower township, Cape May ,2020,16172.00,94,0.0058
Lumberton township, Burlington ,2015,8118.00,6,0.0007
Lumberton township, Burlington ,2020,8516.00,49,0.0058
Lyndhurst township, Bergen ,2015,12696.00,4,0.0003
Lyndhurst township, Bergen ,2020,15267.00,43,0.0028
Madison borough, Morris ,2015,9726.00,15,0.0015
Madison borough, Morris ,2020,10100.00,147,0.0146
Magnolia borough, Camden ,2015,2658.00,3,0.0013
Magnolia borough, Camden ,2020,2846.00,9,0.0032
Mahwah township, Bergen ,2015,16288.00,12,0.0007
Mahwah township, Bergen ,2020,17368.00,161,0.0093
Manalapan township, Monmouth ,2015,26959.00,22,0.0008
Manalapan township, Monmouth ,2020,27480.00,249,0.0091
Manasquan borough, Monmouth ,2015,4287.00,2,0.0004
Manasquan borough, Monmouth ,2020,4509.00,44,0.0098
Manchester township, Ocean ,2015,30775.00,14,0.0004
Manchester township, Ocean ,2020,31152.00,71,0.0023
Mannington township, Salem ,2015,975.00,0,0.0003
Mannington township, Salem ,2020,1026.00,3,0.0029
Mansfield township (Burlington), Burlington ,2015,6424.00,8,0.0012
Mansfield township (Burlington), Burlington ,2020,6595.00,58,0.0088
Mansfield township (Warren), Warren ,2015,5771.00,4,0.0006
Mansfield township (Warren), Warren ,2020,4903.00,24,0.0049
Mantoloking borough, Ocean ,2015,286.00,0,0.001
Mantoloking borough, Ocean ,2020,381.00,4,0.0105
Mantua township, Gloucester ,2015,10726.00,5,0.0004
Mantua township, Gloucester ,2020,10543.00,51,0.0048
Manville borough, Somerset ,2015,6219.00,3,0.0005
Manville borough, Somerset ,2020,6812.00,18,0.0026
Maple Shade township, Burlington ,2015,12599.00,5,0.0004
Maple Shade township, Burlington ,2020,12503.00,33,0.0026
Maplewood township, Essex ,2015,12606.00,22,0.0017
Maplewood township, Essex ,2020,13259.00,208,0.0157
Margate City city, Atlantic ,2015,4817.00,3,0.0006
Margate City city, Atlantic ,2020,4699.00,56,0.0119
Marlboro township, Monmouth ,2015,27015.00,32,0.0012
Marlboro township, Monmouth ,2020,27464.00,414,0.0151
Matawan borough, Monmouth ,2015,5886.00,4,0.0007
Matawan borough, Monmouth ,2020,5732.00,46,0.008
Maurice River township, Cumberland ,2015,2178.00,0,0.0001
Maurice River township, Cumberland ,2020,1850.00,2,0.0011
Maywood borough, Bergen ,2015,5616.00,4,0.0007
Maywood borough, Bergen ,2020,6228.00,28,0.0045
Medford Lakes borough, Burlington ,2015,3042.00,3,0.0011
Medford Lakes borough, Burlington ,2020,2960.00,26,0.0088
Medford township, Burlington ,2015,16389.00,23,0.0014
Medford township, Burlington ,2020,17470.00,174,0.01
Mendham borough, Morris ,2015,3191.00,8,0.0024
Mendham borough, Morris ,2020,3428.00,55,0.016
Mendham township, Morris ,2015,4102.00,6,0.0015
Mendham township, Morris ,2020,4408.00,53,0.012
Merchantville borough, Camden ,2015,2262.00,2,0.0009
Merchantville borough, Camden ,2020,2120.00,12,0.0057
Metuchen borough, Middlesex ,2015,8704.00,8,0.001
Metuchen borough, Middlesex ,2020,8978.00,84,0.0094
Middle township, Cape May ,2015,12138.00,11,0.0009
Middle township, Cape May ,2020,13110.00,60,0.0046
Middlesex borough, Middlesex ,2015,9150.00,1,0.0001
Middlesex borough, Middlesex ,2020,9146.00,23,0.0025
Middletown township, Monmouth ,2015,45668.00,32,0.0007
Middletown township, Monmouth ,2020,46745.00,233,0.005
Midland Park borough, Bergen ,2015,4594.00,6,0.0013
Midland Park borough, Bergen ,2020,5123.00,29,0.0057
Milford borough, Hunterdon ,2015,865.00,1,0.0009
Milford borough, Hunterdon ,2020,1011.00,4,0.004
Millburn township, Essex ,2015,12477.00,26,0.0021
Millburn township, Essex ,2020,13020.00,414,0.0318
Millstone borough, Somerset ,2015,314.00,0,0.001
Millstone borough, Somerset ,2020,441.00,4,0.0091
Millstone township, Monmouth ,2015,7600.00,13,0.0017
Millstone township, Monmouth ,2020,8474.00,75,0.0089
Milltown borough, Middlesex ,2015,4955.00,6,0.0013
Milltown borough, Middlesex ,2020,4894.00,35,0.0072
Millville city, Cumberland ,2015,16275.00,10,0.0006
Millville city, Cumberland ,2020,18722.00,43,0.0023
Mine Hill township, Morris ,2015,2249.00,0,0
Mine Hill township, Morris ,2020,2549.00,7,0.0027
Monmouth Beach borough, Monmouth ,2015,2518.00,3,0.0012
Monmouth Beach borough, Monmouth ,2020,2539.00,69,0.0272
Monroe township (Gloucester), Gloucester ,2015,23516.00,13,0.0005
Monroe township (Gloucester), Gloucester ,2020,25618.00,82,0.0032
Monroe township (Middlesex), Middlesex ,2015,28818.00,41,0.0014
Monroe township (Middlesex), Middlesex ,2020,32072.00,491,0.0153
Montague township, Sussex ,2015,2681.00,2,0.0006
Montague township, Sussex ,2020,3008.00,11,0.0037
Montclair township, Essex ,2015,21455.00,39,0.0018
Montclair township, Essex ,2020,21667.00,395,0.0182
Montgomery township, Somerset ,2015,14935.00,35,0.0024
Montgomery township, Somerset ,2020,15454.00,383,0.0248
Montvale borough, Bergen ,2015,5358.00,5,0.0009
Montvale borough, Bergen ,2020,5634.00,54,0.0096
Montville township, Morris ,2015,15160.00,15,0.001
Montville township, Morris ,2020,16031.00,201,0.0125
Moonachie borough, Bergen ,2015,1587.00,1,0.0006
Moonachie borough, Bergen ,2020,1461.00,7,0.0048
Moorestown township, Burlington ,2015,14311.00,23,0.0016
Moorestown township, Burlington ,2020,14601.00,250,0.0171
Morris Plains borough, Morris ,2015,3833.00,5,0.0013
Morris Plains borough, Morris ,2020,4540.00,49,0.0108
Morris township, Morris ,2015,15584.00,20,0.0013
Morris township, Morris ,2020,16169.00,165,0.0102
Morristown town, Morris ,2015,10434.00,21,0.002
Morristown town, Morris ,2020,12924.00,170,0.0132
Mount Arlington borough, Morris ,2015,3744.00,0,0.0001
Mount Arlington borough, Morris ,2020,4219.00,14,0.0033
Mount Ephraim borough, Camden ,2015,2886.00,1,0.0003
Mount Ephraim borough, Camden ,2020,3523.00,13,0.0037
Mount Holly township, Burlington ,2015,5327.00,5,0.0009
Mount Holly township, Burlington ,2020,5580.00,28,0.005
Mount Laurel township, Burlington ,2015,29434.00,26,0.0009
Mount Laurel township, Burlington ,2020,30924.00,228,0.0074
Mount Olive township, Morris ,2015,19279.00,11,0.0006
Mount Olive township, Morris ,2020,19819.00,102,0.0051
Mountain Lakes borough, Morris ,2015,2997.00,6,0.002
Mountain Lakes borough, Morris ,2020,2977.00,90,0.0302
Mountainside borough, Union ,2015,4626.00,7,0.0015
Mountainside borough, Union ,2020,4870.00,59,0.0121
Mullica township, Atlantic ,2015,4152.00,3,0.0007
Mullica township, Atlantic ,2020,4112.00,15,0.0036
National Park borough, Gloucester ,2015,1809.00,0,0
National Park borough, Gloucester ,2020,2076.00,2,0.001
Neptune City borough, Monmouth ,2015,2931.00,1,0.0004
Neptune City borough, Monmouth ,2020,3334.00,11,0.0033
Neptune township, Monmouth ,2015,17382.00,6,0.0004
Neptune township, Monmouth ,2020,18577.00,57,0.0031
Netcong borough, Morris ,2015,2178.00,0,0
Netcong borough, Morris ,2020,2389.00,5,0.0021
New Brunswick city, Middlesex ,2015,14721.00,10,0.0007
New Brunswick city, Middlesex ,2020,17457.00,62,0.0036
New Hanover township, Burlington ,2015,1160.00,1,0.0007
New Hanover township, Burlington ,2020,1913.00,9,0.0047
New Milford borough, Bergen ,2015,10231.00,5,0.0005
New Milford borough, Bergen ,2020,10211.00,54,0.0053
New Providence borough, Union ,2015,7562.00,5,0.0006
New Providence borough, Union ,2020,9004.00,103,0.0114
Newark city, Essex ,2015,79073.00,20,0.0003
Newark city, Essex ,2020,92490.00,141,0.0015
Newfield borough, Gloucester ,2015,1132.00,1,0.0011
Newfield borough, Gloucester ,2020,1093.00,5,0.0046
Newton town, Sussex ,2015,4296.00,3,0.0006
Newton town, Sussex ,2020,5360.00,21,0.0039
North Arlington borough, Bergen ,2015,9560.00,5,0.0005
North Arlington borough, Bergen ,2020,10464.00,34,0.0032
North Bergen township, Hudson ,2015,25672.00,8,0.0003
North Bergen township, Hudson ,2020,25912.00,94,0.0036
North Brunswick township, Middlesex ,2015,24907.00,19,0.0007
North Brunswick township, Middlesex ,2020,24070.00,204,0.0085
North Caldwell borough, Essex ,2015,4728.00,3,0.0005
North Caldwell borough, Essex ,2020,4827.00,37,0.0077
North Haledon borough, Passaic ,2015,5998.00,3,0.0005
North Haledon borough, Passaic ,2020,5594.00,19,0.0034
North Hanover township, Burlington ,2015,4696.00,3,0.0005
North Hanover township, Burlington ,2020,4970.00,22,0.0044
North Plainfield borough, Somerset ,2015,11991.00,7,0.0006
North Plainfield borough, Somerset ,2020,13007.00,35,0.0027
North Wildwood city, Cape May ,2015,2718.00,2,0.0006
North Wildwood city, Cape May ,2020,2724.00,47,0.0173
Northfield city, Atlantic ,2015,5516.00,3,0.0005
Northfield city, Atlantic ,2020,5601.00,19,0.0034
Northvale borough, Bergen ,2015,3156.00,4,0.0012
Northvale borough, Bergen ,2020,3434.00,24,0.007
Norwood borough, Bergen ,2015,4133.00,0,0
Norwood borough, Bergen ,2020,3698.00,52,0.0141
Nutley township, Essex ,2015,18002.00,7,0.0004
Nutley township, Essex ,2020,18561.00,90,0.0048
Oakland borough, Bergen ,2015,9035.00,5,0.0006
Oakland borough, Bergen ,2020,8908.00,59,0.0066
Oaklyn borough, Camden ,2015,2709.00,2,0.0008
Oaklyn borough, Camden ,2020,2819.00,13,0.0046
Ocean City city, Cape May ,2015,7512.00,5,0.0007
Ocean City city, Cape May ,2020,8012.00,89,0.0111
Ocean Gate borough, Ocean ,2015,1410.00,0,0
Ocean Gate borough, Ocean ,2020,1037.00,3,0.0029
Ocean township (Monmouth), Monmouth ,2015,18175.00,13,0.0007
Ocean township (Monmouth), Monmouth ,2020,18626.00,146,0.0078
Ocean township (Ocean), Ocean ,2015,6884.00,1,0.0002
Ocean township (Ocean), Ocean ,2020,7047.00,15,0.0021
Oceanport borough, Monmouth ,2015,4035.00,3,0.0007
Oceanport borough, Monmouth ,2020,4623.00,23,0.005
Ogdensburg borough, Sussex ,2015,1743.00,0,0
Ogdensburg borough, Sussex ,2020,1580.00,1,0.0006
Old Bridge township, Middlesex ,2015,42870.00,20,0.0005
Old Bridge township, Middlesex ,2020,44998.00,234,0.0052
Old Tappan borough, Bergen ,2015,4104.00,4,0.001
Old Tappan borough, Bergen ,2020,4064.00,41,0.0101
Oldmans township, Salem ,2015,1316.00,0,0
Oldmans township, Salem ,2020,1229.00,8,0.0065
Oradell borough, Bergen ,2015,5314.00,8,0.0015
Oradell borough, Bergen ,2020,5657.00,51,0.009
Oxford township, Warren ,2015,1730.00,1,0.0003
Oxford township, Warren ,2020,1957.00,4,0.002
Palisades Park borough, Bergen ,2015,9964.00,3,0.0003
Palisades Park borough, Bergen ,2020,10493.00,72,0.0069
Palmyra borough, Burlington ,2015,5046.00,9,0.0018
Palmyra borough, Burlington ,2020,4736.00,19,0.004
Paramus borough, Bergen ,2015,16641.00,15,0.0009
Paramus borough, Bergen ,2020,16692.00,231,0.0138
Park Ridge borough, Bergen ,2015,5742.00,4,0.0007
Park Ridge borough, Bergen ,2020,6357.00,48,0.0076
Parsippany-Troy Hills township, Morris ,2015,34684.00,29,0.0008
Parsippany-Troy Hills township, Morris ,2020,34525.00,315,0.0091
Passaic city, Passaic ,2015,17246.00,3,0.0002
Passaic city, Passaic ,2020,20386.00,42,0.0021
Paterson city, Passaic ,2015,43819.00,7,0.0002
Paterson city, Passaic ,2020,48712.00,67,0.0014
Paulsboro borough, Gloucester ,2015,3234.00,0,0
Paulsboro borough, Gloucester ,2020,3650.00,5,0.0014
Peapack and Gladstone borough, Somerset ,2015,1787.00,6,0.0034
Peapack and Gladstone borough, Somerset ,2020,1751.00,30,0.0171
Pemberton borough, Burlington ,2015,1032.00,1,0.0009
Pemberton borough, Burlington ,2020,1150.00,5,0.0043
Pemberton township, Burlington ,2015,18353.00,11,0.0006
Pemberton township, Burlington ,2020,18963.00,50,0.0026
Pennington borough, Mercer ,2015,1779.00,6,0.0031
Pennington borough, Mercer ,2020,1734.00,55,0.0317
Penns Grove borough, Salem ,2015,2061.00,0,0.0002
Penns Grove borough, Salem ,2020,2209.00,7,0.0032
Pennsauken township, Camden ,2015,20879.00,9,0.0004
Pennsauken township, Camden ,2020,20601.00,51,0.0025
Pennsville township, Salem ,2015,9387.00,5,0.0005
Pennsville township, Salem ,2020,9086.00,16,0.0018
Pequannock township, Morris ,2015,10514.00,2,0.0002
Pequannock township, Morris ,2020,10526.00,38,0.0036
Perth Amboy city, Middlesex ,2015,20012.00,9,0.0004
Perth Amboy city, Middlesex ,2020,21105.00,44,0.0021
Phillipsburg town, Warren ,2015,8309.00,4,0.0004
Phillipsburg town, Warren ,2020,8960.00,22,0.0025
Pilesgrove township, Salem ,2015,2877.00,1,0.0003
Pilesgrove township, Salem ,2020,3084.00,17,0.0055
Pine Beach borough, Ocean ,2015,1608.00,0,0
Pine Beach borough, Ocean ,2020,1788.00,5,0.0028
Pine Hill borough, Camden ,2015,5938.00,3,0.0004
Pine Hill borough, Camden ,2020,7069.00,17,0.0024
Pine Valley borough, Camden ,2015,2.00,0,0
Pine Valley borough, Camden ,2020,13.00,#N/A,#N/A
Piscataway township, Middlesex ,2015,30116.00,26,0.0009
Piscataway township, Middlesex ,2020,29930.00,279,0.0093
Pitman borough, Gloucester ,2015,6148.00,2,0.0003
Pitman borough, Gloucester ,2020,5955.00,29,0.0049
Pittsgrove township, Salem ,2015,6576.00,2,0.0004
Pittsgrove township, Salem ,2020,6765.00,18,0.0027
Plainfield city, Union ,2015,20832.00,16,0.0008
Plainfield city, Union ,2020,22027.00,81,0.0037
Plainsboro township, Middlesex ,2015,15022.00,21,0.0014
Plainsboro township, Middlesex ,2020,14771.00,249,0.0169
Pleasantville city, Atlantic ,2015,9155.00,1,0.0001
Pleasantville city, Atlantic ,2020,9236.00,7,0.0008
Plumsted township, Ocean ,2015,5847.00,2,0.0003
Plumsted township, Ocean ,2020,6902.00,23,0.0033
Pohatcong township, Warren ,2015,2480.00,1,0.0004
Pohatcong township, Warren ,2020,2740.00,6,0.0022
Point Pleasant Beach borough, Ocean ,2015,3324.00,4,0.0013
Point Pleasant Beach borough, Ocean ,2020,3327.00,32,0.0096
Point Pleasant borough, Ocean ,2015,13208.00,10,0.0007
Point Pleasant borough, Ocean ,2020,14322.00,73,0.0051
Pompton Lakes borough, Passaic ,2015,7062.00,1,0.0001
Pompton Lakes borough, Passaic ,2020,7385.00,32,0.0043
Port Republic city, Atlantic ,2015,759.00,1,0.0013
Port Republic city, Atlantic ,2020,1104.00,7,0.0063
Princeton, Mercer ,2015,14615.00,54,0.0037
Princeton, Mercer ,2020,15263.00,450,0.0295
Prospect Park borough, Passaic ,2015,2634.00,2,0.0006
Prospect Park borough, Passaic ,2020,2489.00,11,0.0044
Quinton township, Salem ,2015,1872.00,0,0.0002
Quinton township, Salem ,2020,2002.00,3,0.0015
Rahway city, Union ,2015,15960.00,9,0.0006
Rahway city, Union ,2020,17502.00,64,0.0037
Ramsey borough, Bergen ,2015,10570.00,13,0.0012
Ramsey borough, Bergen ,2020,10392.00,84,0.0081
Randolph township, Morris ,2015,17804.00,10,0.0006
Randolph township, Morris ,2020,17731.00,169,0.0095
Raritan borough, Somerset ,2015,4431.00,3,0.0007
Raritan borough, Somerset ,2020,5228.00,33,0.0063
Raritan township, Hunterdon ,2015,15877.00,14,0.0009
Raritan township, Hunterdon ,2020,16670.00,133,0.008
Readington township, Hunterdon ,2015,12675.00,15,0.0011
Readington township, Hunterdon ,2020,12780.00,97,0.0076
Red Bank borough, Monmouth ,2015,6466.00,9,0.0013
Red Bank borough, Monmouth ,2020,7444.00,60,0.0081
Ridgefield borough, Bergen ,2015,6463.00,5,0.0008
Ridgefield borough, Bergen ,2020,6673.00,26,0.0039
Ridgefield Park village, Bergen ,2015,6817.00,8,0.0012
Ridgefield Park village, Bergen ,2020,7146.00,38,0.0053
Ridgewood village, Bergen ,2015,15735.00,24,0.0015
Ridgewood village, Bergen ,2020,15805.00,291,0.0184
Ringwood borough, Passaic ,2015,8479.00,7,0.0008
Ringwood borough, Passaic ,2020,8988.00,59,0.0066
River Edge borough, Bergen ,2015,7194.00,2,0.0003
River Edge borough, Bergen ,2020,7587.00,70,0.0092
River Vale township, Bergen ,2015,6607.00,7,0.0011
River Vale township, Bergen ,2020,6916.00,70,0.0101
Riverdale borough, Morris ,2015,3326.00,3,0.0009
Riverdale borough, Morris ,2020,3258.00,14,0.0043
Riverside township, Burlington ,2015,4887.00,3,0.0006
Riverside township, Burlington ,2020,4848.00,17,0.0035
Riverton borough, Burlington ,2015,1943.00,2,0.0009
Riverton borough, Burlington ,2020,1913.00,12,0.0063
Robbinsville township, Mercer ,2015,9667.00,11,0.0012
Robbinsville township, Mercer ,2020,9874.00,128,0.013
Rochelle Park township, Bergen ,2015,3525.00,1,0.0003
Rochelle Park township, Bergen ,2020,3811.00,11,0.0029
Rockaway borough, Morris ,2015,4224.00,4,0.0008
Rockaway borough, Morris ,2020,4342.00,25,0.0058
Rockaway township, Morris ,2015,17039.00,9,0.0005
Rockaway township, Morris ,2020,18459.00,76,0.0041
Rockleigh borough, Bergen ,2015,164.00,0,0.0012
Rockleigh borough, Bergen ,2020,174.00,2,0.0115
Rocky Hill borough, Somerset ,2015,440.00,1,0.0023
Rocky Hill borough, Somerset ,2020,434.00,10,0.023
Roosevelt borough, Monmouth ,2015,526.00,0,0.0002
Roosevelt borough, Monmouth ,2020,589.00,5,0.0085
Roseland borough, Essex ,2015,4296.00,4,0.0009
Roseland borough, Essex ,2020,4219.00,54,0.0128
Roselle borough, Union ,2015,10664.00,3,0.0003
Roselle borough, Union ,2020,11487.00,21,0.0018
Roselle Park borough, Union ,2015,8058.00,6,0.0007
Roselle Park borough, Union ,2020,8612.00,26,0.003
Roxbury township, Morris ,2015,15971.00,9,0.0005
Roxbury township, Morris ,2020,17015.00,63,0.0037
Rumson borough, Monmouth ,2015,4817.00,18,0.0038
Rumson borough, Monmouth ,2020,4605.00,74,0.0161
Runnemede borough, Camden ,2015,5025.00,2,0.0004
Runnemede borough, Camden ,2020,5272.00,12,0.0023
Rutherford borough, Bergen ,2015,11083.00,6,0.0006
Rutherford borough, Bergen ,2020,10961.00,70,0.0064
Saddle Brook township, Bergen ,2015,9434.00,1,0.0001
Saddle Brook township, Bergen ,2020,8792.00,27,0.0031
Saddle River borough, Bergen ,2015,2487.00,8,0.0032
Saddle River borough, Bergen ,2020,2750.00,83,0.0302
Salem city, Salem ,2015,2046.00,1,0.0005
Salem city, Salem ,2020,2056.00,9,0.0044
Sandyston township, Sussex ,2015,1519.00,1,0.0009
Sandyston township, Sussex ,2020,1519.00,6,0.0039
Sayreville borough, Middlesex ,2015,27715.00,9,0.0003
Sayreville borough, Middlesex ,2020,29313.00,143,0.0049
Scotch Plains township, Union ,2015,16037.00,15,0.0009
Scotch Plains township, Union ,2020,16886.00,163,0.0097
Sea Bright borough, Monmouth ,2015,1108.00,8,0.0071
Sea Bright borough, Monmouth ,2020,1040.00,33,0.0317
Sea Girt borough, Monmouth ,2015,1349.00,2,0.0013
Sea Girt borough, Monmouth ,2020,1350.00,26,0.0193
Sea Isle City city, Cape May ,2015,1398.00,0,0
Sea Isle City city, Cape May ,2020,1741.00,39,0.0224
Seaside Heights borough, Ocean ,2015,1428.00,1,0.0004
Seaside Heights borough, Ocean ,2020,1432.00,8,0.0056
Seaside Park borough, Ocean ,2015,1357.00,0,0
Seaside Park borough, Ocean ,2020,1563.00,11,0.007
Secaucus town, Hudson ,2015,10098.00,13,0.0013
Secaucus town, Hudson ,2020,11820.00,107,0.0091
Shamong township, Burlington ,2015,4841.00,4,0.0007
Shamong township, Burlington ,2020,4859.00,21,0.0043
Shiloh borough, Cumberland ,2015,388.00,0,0
Shiloh borough, Cumberland ,2020,271.00,1,0.0037
Ship Bottom borough, Ocean ,2015,766.00,1,0.001
Ship Bottom borough, Ocean ,2020,888.00,8,0.009
Shrewsbury borough, Monmouth ,2015,2685.00,5,0.0019
Shrewsbury borough, Monmouth ,2020,2800.00,23,0.0082
Shrewsbury township, Monmouth ,2015,693.00,1,0.0007
Shrewsbury township, Monmouth ,2020,942.00,6,0.0064
Somerdale borough, Camden ,2015,3442.00,3,0.0008
Somerdale borough, Camden ,2020,3798.00,13,0.0034
Somers Point city, Atlantic ,2015,6577.00,1,0.0002
Somers Point city, Atlantic ,2020,6648.00,14,0.0021
Somerville borough, Somerset ,2015,7081.00,8,0.0011
Somerville borough, Somerset ,2020,7267.00,63,0.0087
South Amboy city, Middlesex ,2015,6190.00,2,0.0003
South Amboy city, Middlesex ,2020,5605.00,23,0.0041
South Bound Brook borough, Somerset ,2015,2634.00,3,0.0011
South Bound Brook borough, Somerset ,2020,2891.00,19,0.0066
South Brunswick township, Middlesex ,2015,29344.00,49,0.0017
South Brunswick township, Middlesex ,2020,29797.00,512,0.0172
South Hackensack township, Bergen ,2015,1415.00,0,0.0001
South Hackensack township, Bergen ,2020,1424.00,6,0.0042
South Harrison township, Gloucester ,2015,2251.00,2,0.0008
South Harrison township, Gloucester ,2020,2215.00,17,0.0077
South Orange Village township, Essex ,2015,8398.00,21,0.0025
South Orange Village township, Essex ,2020,7968.00,171,0.0215
South Plainfield borough, Middlesex ,2015,15601.00,8,0.0005
South Plainfield borough, Middlesex ,2020,16529.00,84,0.0051
South River borough, Middlesex ,2015,9674.00,7,0.0007
South River borough, Middlesex ,2020,9404.00,33,0.0035
South Toms River borough, Ocean ,2015,2029.00,0,0.0002
South Toms River borough, Ocean ,2020,2154.00,3,0.0014
Southampton township, Burlington ,2015,7735.00,9,0.0011
Southampton township, Burlington ,2020,7800.00,50,0.0064
Sparta township, Sussex ,2015,13563.00,18,0.0013
Sparta township, Sussex ,2020,13629.00,132,0.0097
Spotswood borough, Middlesex ,2015,5461.00,2,0.0004
Spotswood borough, Middlesex ,2020,5654.00,25,0.0044
Spring Lake borough, Monmouth ,2015,2218.00,3,0.0011
Spring Lake borough, Monmouth ,2020,2412.00,26,0.0108
Spring Lake Heights borough, Monmouth ,2015,3506.00,4,0.0012
Spring Lake Heights borough, Monmouth ,2020,3240.00,42,0.013
Springfield township (Burlington), Burlington ,2015,2572.00,1,0.0005
Springfield township (Burlington), Burlington ,2020,2677.00,11,0.0041
Springfield township (Union), Union ,2015,11511.00,4,0.0004
Springfield township (Union), Union ,2020,12027.00,70,0.0058
Stafford township, Ocean ,2015,18722.00,7,0.0004
Stafford township, Ocean ,2020,20829.00,90,0.0043
Stanhope borough, Sussex ,2015,2584.00,1,0.0004
Stanhope borough, Sussex ,2020,2409.00,7,0.0029
Stillwater township, Sussex ,2015,3113.00,1,0.0004
Stillwater township, Sussex ,2020,3216.00,10,0.0031
Stockton borough, Hunterdon ,2015,436.00,1,0.0011
Stockton borough, Hunterdon ,2020,474.00,4,0.0084
Stone Harbor borough, Cape May ,2015,648.00,1,0.0015
Stone Harbor borough, Cape May ,2020,749.00,24,0.032
Stow Creek township, Cumberland ,2015,1175.00,0,0.0003
Stow Creek township, Cumberland ,2020,815.00,2,0.0025
Stratford borough, Camden ,2015,4398.00,2,0.0005
Stratford borough, Camden ,2020,4584.00,9,0.002
Summit city, Union ,2015,13018.00,32,0.0025
Summit city, Union ,2020,13912.00,224,0.0161
Surf City borough, Ocean ,2015,939.00,1,0.0007
Surf City borough, Ocean ,2020,1094.00,6,0.0055
Sussex borough, Sussex ,2015,1161.00,1,0.0009
Sussex borough, Sussex ,2020,1204.00,6,0.005
Swedesboro borough, Gloucester ,2015,1510.00,1,0.0008
Swedesboro borough, Gloucester ,2020,1570.00,16,0.0102
Tabernacle township, Burlington ,2015,5297.00,4,0.0007
Tabernacle township, Burlington ,2020,6157.00,23,0.0037
Tavistock borough, Camden ,2015,6.00,0,0
Tavistock borough, Camden ,2020,6.00,1,0.1667
Teaneck township, Bergen ,2015,21614.00,20,0.0009
Teaneck township, Bergen ,2020,22086.00,173,0.0078
Tenafly borough, Bergen ,2015,8787.00,17,0.0019
Tenafly borough, Bergen ,2020,8661.00,241,0.0278
Teterboro borough, Bergen ,2015,53.00,0,0
Teterboro borough, Bergen ,2020,49.00,1,0.0204
Tewksbury township, Hunterdon ,2015,4920.00,6,0.0012
Tewksbury township, Hunterdon ,2020,4419.00,50,0.0113
Tinton Falls borough, Monmouth ,2015,11725.00,7,0.0006
Tinton Falls borough, Monmouth ,2020,12388.00,65,0.0052
Toms River township, Ocean ,2015,61597.00,27,0.0004
Toms River township, Ocean ,2020,64822.00,291,0.0045
Totowa borough, Passaic ,2015,6392.00,1,0.0002
Totowa borough, Passaic ,2020,7197.00,44,0.0061
Trenton city, Mercer ,2015,29482.00,8,0.0003
Trenton city, Mercer ,2020,31840.00,69,0.0022
Tuckerton borough, Ocean ,2015,2256.00,2,0.0007
Tuckerton borough, Ocean ,2020,2475.00,9,0.0036
Union Beach borough, Monmouth ,2015,3702.00,2,0.0005
Union Beach borough, Monmouth ,2020,3875.00,12,0.0031
Union City city, Hudson ,2015,17479.00,5,0.0003
Union City city, Hudson ,2020,20593.00,54,0.0026
Union township (Hunterdon), Hunterdon ,2015,3838.00,4,0.0009
Union township (Hunterdon), Hunterdon ,2020,3365.00,26,0.0077
Union township (Union), Union ,2015,34244.00,9,0.0003
Union township (Union), Union ,2020,37148.00,109,0.0029
Upper Deerfield township, Cumberland ,2015,5580.00,2,0.0003
Upper Deerfield township, Cumberland ,2020,4844.00,9,0.0019
Upper Freehold township, Monmouth ,2015,5221.00,3,0.0007
Upper Freehold township, Monmouth ,2020,5338.00,42,0.0079
Upper Pittsgrove township, Salem ,2015,2457.00,2,0.0009
Upper Pittsgrove township, Salem ,2020,2506.00,11,0.0044
Upper Saddle River borough, Bergen ,2015,5537.00,12,0.0021
Upper Saddle River borough, Bergen ,2020,5797.00,123,0.0212
Upper township, Cape May ,2015,9243.00,9,0.001
Upper township, Cape May ,2020,9527.00,39,0.0041
Ventnor City city, Atlantic ,2015,5786.00,5,0.0008
Ventnor City city, Atlantic ,2020,6068.00,31,0.0051
Vernon township, Sussex ,2015,16891.00,12,0.0007
Vernon township, Sussex ,2020,17451.00,67,0.0038
Verona township, Essex ,2015,8811.00,5,0.0006
Verona township, Essex ,2020,9179.00,81,0.0088
Victory Gardens borough, Morris ,2015,764.00,0,0.0001
Victory Gardens borough, Morris ,2020,867.00,2,0.0023
Vineland city, Cumberland ,2015,34378.00,14,0.0004
Vineland city, Cumberland ,2020,37321.00,102,0.0027
Voorhees township, Camden ,2015,18068.00,26,0.0014
Voorhees township, Camden ,2020,19384.00,241,0.0124
Waldwick borough, Bergen ,2015,6660.00,4,0.0006
Waldwick borough, Bergen ,2020,6463.00,28,0.0043
Wall township, Monmouth ,2015,18509.00,10,0.0005
Wall township, Monmouth ,2020,19821.00,119,0.006
Wallington borough, Bergen ,2015,7119.00,3,0.0004
Wallington borough, Bergen ,2020,7339.00,27,0.0037
Walpack township, Sussex ,2015,5.00,0,0
Walpack township, Sussex ,2020,8.00,1,0.125
Wanaque borough, Passaic ,2015,7375.00,3,0.0004
Wanaque borough, Passaic ,2020,8215.00,32,0.0039
Wantage township, Sussex ,2015,8198.00,5,0.0006
Wantage township, Sussex ,2020,8443.00,27,0.0032
Warren township, Somerset ,2015,10844.00,29,0.0027
Warren township, Somerset ,2020,11357.00,258,0.0227
Washington borough, Warren ,2015,4183.00,4,0.0008
Washington borough, Warren ,2020,4638.00,17,0.0037
Washington township (Bergen), Bergen ,2015,6483.00,6,0.0009
Washington township (Bergen), Bergen ,2020,6674.00,59,0.0088
Washington township (Burlington), Burlington ,2015,642.00,0,0.0003
Washington township (Burlington), Burlington ,2020,499.00,2,0.004
Washington township (Gloucester), Gloucester ,2015,31718.00,18,0.0006
Washington township (Gloucester), Gloucester ,2020,33559.00,142,0.0042
Washington township (Morris), Morris ,2015,13313.00,13,0.001
Washington township (Morris), Morris ,2020,13124.00,96,0.0073
Washington township (Warren), Warren ,2015,5015.00,3,0.0006
Washington township (Warren), Warren ,2020,5262.00,15,0.0029
Watchung borough, Somerset ,2015,4166.00,20,0.0047
Watchung borough, Somerset ,2020,4082.00,105,0.0257
Waterford township, Camden ,2015,6977.00,5,0.0006
Waterford township, Camden ,2020,7941.00,17,0.0021
Wayne township, Passaic ,2015,34528.00,19,0.0006
Wayne township, Passaic ,2020,35517.00,232,0.0065
Weehawken township, Hudson ,2015,5957.00,7,0.0012
Weehawken township, Hudson ,2020,7680.00,84,0.0109
Wenonah borough, Gloucester ,2015,1616.00,1,0.0003
Wenonah borough, Gloucester ,2020,1593.00,8,0.005
West Amwell township, Hunterdon ,2015,2305.00,3,0.0012
West Amwell township, Hunterdon ,2020,2373.00,21,0.0088
West Caldwell township, Essex ,2015,6833.00,5,0.0007
West Caldwell township, Essex ,2020,7859.00,70,0.0089
West Cape May borough, Cape May ,2015,652.00,1,0.0008
West Cape May borough, Cape May ,2020,789.00,9,0.0114
West Deptford township, Gloucester ,2015,14963.00,3,0.0002
West Deptford township, Gloucester ,2020,14484.00,44,0.003
West Long Branch borough, Monmouth ,2015,4810.00,7,0.0015
West Long Branch borough, Monmouth ,2020,5048.00,54,0.0107
West Milford township, Passaic ,2015,18726.00,9,0.0005
West Milford township, Passaic ,2020,19828.00,67,0.0034
West New York town, Hudson ,2015,15049.00,4,0.0003
West New York town, Hudson ,2020,15432.00,94,0.0061
West Orange township, Essex ,2015,27101.00,21,0.0008
West Orange township, Essex ,2020,27309.00,254,0.0093
West Wildwood borough, Cape May ,2015,331.00,0,0.0006
West Wildwood borough, Cape May ,2020,313.00,6,0.0192
West Windsor township, Mercer ,2015,17832.00,53,0.003
West Windsor township, Mercer ,2020,18347.00,508,0.0277
Westampton township, Burlington ,2015,6096.00,5,0.0007
Westampton township, Burlington ,2020,6395.00,22,0.0034
Westfield town, Union ,2015,19416.00,23,0.0012
Westfield town, Union ,2020,19514.00,268,0.0137
Westville borough, Gloucester ,2015,2659.00,1,0.0003
Westville borough, Gloucester ,2020,2545.00,5,0.002
Westwood borough, Bergen ,2015,6877.00,11,0.0016
Westwood borough, Bergen ,2020,7258.00,105,0.0145
Weymouth township, Atlantic ,2015,2012.00,1,0.0003
Weymouth township, Atlantic ,2020,2456.00,5,0.002
Wharton borough, Morris ,2015,3623.00,0,0
Wharton borough, Morris ,2020,4081.00,17,0.0042
White township, Warren ,2015,3516.00,1,0.0002
White township, Warren ,2020,3418.00,8,0.0023
Wildwood city, Cape May ,2015,2840.00,2,0.0006
Wildwood city, Cape May ,2020,2382.00,48,0.0202
Wildwood Crest borough, Cape May ,2015,2345.00,1,0.0004
Wildwood Crest borough, Cape May ,2020,2610.00,29,0.0111
Willingboro township, Burlington ,2015,18547.00,10,0.0005
Willingboro township, Burlington ,2020,20513.00,41,0.002
Winfield township, Union ,2015,970.00,1,0.0005
Winfield township, Union ,2020,1181.00,4,0.0034
Winslow township, Camden ,2015,24412.00,17,0.0007
Winslow township, Camden ,2020,24874.00,105,0.0042
Woodbine borough, Cape May ,2015,1159.00,1,0.001
Woodbine borough, Cape May ,2020,1431.00,5,0.0035
Woodbridge township, Middlesex ,2015,57597.00,26,0.0004
Woodbridge township, Middlesex ,2020,59139.00,278,0.0047
Woodbury city, Gloucester ,2015,5726.00,5,0.0009
Woodbury city, Gloucester ,2020,5994.00,24,0.004
Woodbury Heights borough, Gloucester ,2015,2070.00,2,0.0009
Woodbury Heights borough, Gloucester ,2020,2285.00,6,0.0026
Woodcliff Lake borough, Bergen ,2015,4213.00,6,0.0014
Woodcliff Lake borough, Bergen ,2020,4042.00,62,0.0153
Woodland Park borough, Passaic ,2015,7417.00,4,0.0006
Woodland Park borough, Passaic ,2020,7975.00,42,0.0053
Woodland township, Burlington ,2015,1020.00,0,0.0003
Woodland township, Burlington ,2020,1295.00,6,0.0046
Woodlynne borough, Camden ,2015,1086.00,1,0.001
Woodlynne borough, Camden ,2020,1093.00,7,0.0064
Wood-Ridge borough, Bergen ,2015,5230.00,6,0.0011
Wood-Ridge borough, Bergen ,2020,6009.00,71,0.0118
Woodstown borough, Salem ,2015,2396.00,1,0.0003
Woodstown borough, Salem ,2020,2362.00,15,0.0064
Woolwich township, Gloucester ,2015,7378.00,4,0.0005
Woolwich township, Gloucester ,2020,7964.00,51,0.0064
Wrightstown borough, Burlington ,2015,404.00,0,0.001
Wrightstown borough, Burlington ,2020,384.00,6,0.0156
Wyckoff township, Bergen ,2015,11639.00,9,0.0008
Wyckoff township, Bergen ,2020,11582.00,119,0.0103
